CREATE TABLE STUDENTS(
	SID INTEGER,
	NAME VARCHAR2(20) NOT NULL, 
	MAJOR VARCHAR2(20),
	PRIMARY KEY(SID)
);

CREATE TABLE PROJECTS(
	PID INTEGER,
	P_NAME VARCHAR2(20) UNIQUE,
	PRIMARY KEY(PID)
);

CREATE TABLE COURSES(
	CID INTEGER,
	C_NAME VARCHAR2(20) UNIQUE,
	PRIMARY KEY(CID)
);

CREATE TABLE MEMBERS(
	SID INTEGER,
	PID INTEGER,
	PRIMARY KEY(PID, SID),
	FOREIGN KEY(PID) REFERENCES PROJECTS(PID),
	FOREIGN KEY(SID) REFERENCES STUDENTS(SID)
);

CREATE TABLE ENROLLMENTS(
	SID INTEGER,
	CID INTEGER,
	PRIMARY KEY(CID, SID),
	FOREIGN KEY(CID) REFERENCES COURSES(CID),
	FOREIGN KEY(SID) REFERENCES STUDENTS(SID)
);



INSERT INTO STUDENTS VALUES(7311965,  'Rowling',   'CS');
INSERT INTO STUDENTS VALUES(9151890,  'Christie',  'GSI');
INSERT INTO STUDENTS VALUES(11181939, 'Atwood',    'CSE');
INSERT INTO STUDENTS VALUES(8101962,  'Collins',   'ECE');
INSERT INTO STUDENTS VALUES(2181931,  'Morrison',  'CSE');
INSERT INTO STUDENTS VALUES(3201937,  'Lowry',     'DS');
INSERT INTO STUDENTS VALUES(221905,   'Rand',      'CS');
INSERT INTO STUDENTS VALUES(12161775, 'Austen',    'EE');
INSERT INTO STUDENTS VALUES(1251882,  'Woolf',     'DS');
INSERT INTO STUDENTS VALUES(4281926,  'Lee',       'DS');
INSERT INTO STUDENTS VALUES(3251964,  'DiCamillo', 'EE');
INSERT INTO STUDENTS VALUES(2121938,  'Blume',     'CS');
INSERT INTO STUDENTS VALUES(1171964,  'Obama',     'PYSCHOLOGY');
INSERT INTO STUDENTS VALUES(12221948, 'Anderson',  'ECON');
INSERT INTO STUDENTS VALUES(3211909,  'Anderson',  'LIBARARY');


INSERT INTO PROJECTS VALUES(1, 'Children/YA');
INSERT INTO PROJECTS VALUES(2, 'Fiction');
INSERT INTO PROJECTS VALUES(3, 'Nonfiction');
INSERT INTO PROJECTS VALUES(4, 'Horror');
INSERT INTO PROJECTS VALUES(5, 'Romance');
INSERT INTO PROJECTS VALUES(6, 'Mystery');
INSERT INTO PROJECTS VALUES(7, 'Fantasy');
INSERT INTO PROJECTS VALUES(8, 'Science Fiction');
INSERT INTO PROJECTS VALUES(9, 'Historical Fiction');
INSERT INTO PROJECTS VALUES(10, 'Poetry');
INSERT INTO PROJECTS VALUES(11, 'Religious');
INSERT INTO PROJECTS VALUES(12, 'Picture Book');
INSERT INTO PROJECTS VALUES(13, 'Short Story');
INSERT INTO PROJECTS VALUES(14, 'Technical');
INSERT INTO PROJECTS VALUES(15, 'Culinary');
INSERT INTO PROJECTS VALUES(16, 'Biographical');
INSERT INTO PROJECTS VALUES(17, 'Historical');
INSERT INTO PROJECTS VALUES(18, 'Dystopia');
INSERT INTO PROJECTS VALUES(19, 'Other');

INSERT INTO COURSES VALUES(198, 'EECS484');
INSERT INTO COURSES VALUES(403, 'EECS485');
INSERT INTO COURSES VALUES(968, 'EECS482');
INSERT INTO COURSES VALUES(633, 'EECS483');
INSERT INTO COURSES VALUES(291, 'EECS280');
INSERT INTO COURSES VALUES(297, 'EECS281');
INSERT INTO COURSES VALUES(850, 'EECS442');
INSERT INTO COURSES VALUES(151, 'EECS445');
INSERT INTO COURSES VALUES(232, 'EECS492');
INSERT INTO COURSES VALUES(526, 'EECS486');
INSERT INTO COURSES VALUES(322, 'EECS282');
INSERT INTO COURSES VALUES(767, 'EECS545');
INSERT INTO COURSES VALUES(881, 'EECS476');
INSERT INTO COURSES VALUES(564, 'EECS403');
INSERT INTO COURSES VALUES(488, 'EECS402');
INSERT INTO COURSES VALUES(123, 'STATS511');
INSERT INTO COURSES VALUES(206, 'STATS503');
INSERT INTO COURSES VALUES(875, 'STATS551');
INSERT INTO COURSES VALUES(734, 'STATS507');



INSERT INTO MEMBERS VALUES(7311965,  1);
INSERT INTO MEMBERS VALUES(7311965,  2);
INSERT INTO MEMBERS VALUES(7311965,  7);
INSERT INTO MEMBERS VALUES(4281926,  2);
INSERT INTO MEMBERS VALUES(3211909,  1);
INSERT INTO MEMBERS VALUES(12221948, 2);
INSERT INTO MEMBERS VALUES(12221948, 17);
INSERT INTO MEMBERS VALUES(9151890,  6);
INSERT INTO MEMBERS VALUES(9151890,  8);
INSERT INTO MEMBERS VALUES(11181939, 5);
INSERT INTO MEMBERS VALUES(11181939, 18);
INSERT INTO MEMBERS VALUES(8101962,  1);
INSERT INTO MEMBERS VALUES(8101962,  2);
INSERT INTO MEMBERS VALUES(8101962,  18);
INSERT INTO MEMBERS VALUES(2181931,  2);
INSERT INTO MEMBERS VALUES(3201937,  18);
INSERT INTO MEMBERS VALUES(3201937,  9);
INSERT INTO MEMBERS VALUES(12161775, 5);
INSERT INTO MEMBERS VALUES(12161775, 2);
INSERT INTO MEMBERS VALUES(1251882,  2);
INSERT INTO MEMBERS VALUES(1251882,  13);
INSERT INTO MEMBERS VALUES(1251882,  19);
INSERT INTO MEMBERS VALUES(3251964,  7);
INSERT INTO MEMBERS VALUES(3251964,  1);
INSERT INTO MEMBERS VALUES(3251964,  2);
INSERT INTO MEMBERS VALUES(2121938,  2);
INSERT INTO MEMBERS VALUES(2121938,  1);
INSERT INTO MEMBERS VALUES(1171964,  3);

INSERT INTO ENROLLMENTS VALUES(7311965, 198);
INSERT INTO ENROLLMENTS VALUES(7311965, 403);
INSERT INTO ENROLLMENTS VALUES(7311965, 297);
INSERT INTO ENROLLMENTS VALUES(7311965, 850);

INSERT INTO ENROLLMENTS VALUES(9151890, 850);
INSERT INTO ENROLLMENTS VALUES(9151890, 151);
INSERT INTO ENROLLMENTS VALUES(9151890, 232);
INSERT INTO ENROLLMENTS VALUES(9151890, 968);
INSERT INTO ENROLLMENTS VALUES(9151890, 291);

INSERT INTO ENROLLMENTS VALUES(11181939, 198);
INSERT INTO ENROLLMENTS VALUES(11181939, 850);
INSERT INTO ENROLLMENTS VALUES(11181939, 322);
INSERT INTO ENROLLMENTS VALUES(11181939, 232);

INSERT INTO ENROLLMENTS VALUES(8101962, 526);
INSERT INTO ENROLLMENTS VALUES(8101962, 291);
INSERT INTO ENROLLMENTS VALUES(8101962, 633);

INSERT INTO ENROLLMENTS VALUES(2181931, 526);
INSERT INTO ENROLLMENTS VALUES(2181931, 403);
INSERT INTO ENROLLMENTS VALUES(2181931, 968);
INSERT INTO ENROLLMENTS VALUES(2181931, 151);
INSERT INTO ENROLLMENTS VALUES(2181931, 232);
INSERT INTO ENROLLMENTS VALUES(2181931, 198);

INSERT INTO ENROLLMENTS VALUES(3201937, 232);
INSERT INTO ENROLLMENTS VALUES(3201937, 322);

INSERT INTO ENROLLMENTS VALUES(221905, 198);
INSERT INTO ENROLLMENTS VALUES(221905, 968);
INSERT INTO ENROLLMENTS VALUES(221905, 291);
INSERT INTO ENROLLMENTS VALUES(221905, 297);
INSERT INTO ENROLLMENTS VALUES(221905, 850);

INSERT INTO ENROLLMENTS VALUES(12161775, 850);
INSERT INTO ENROLLMENTS VALUES(12161775, 151);
INSERT INTO ENROLLMENTS VALUES(12161775, 232);


INSERT INTO ENROLLMENTS VALUES(1251882, 968);
INSERT INTO ENROLLMENTS VALUES(1251882, 526);
INSERT INTO ENROLLMENTS VALUES(1251882, 291);
INSERT INTO ENROLLMENTS VALUES(1251882, 297);

INSERT INTO ENROLLMENTS VALUES(4281926, 633);
INSERT INTO ENROLLMENTS VALUES(4281926, 291);
INSERT INTO ENROLLMENTS VALUES(4281926, 297);
INSERT INTO ENROLLMENTS VALUES(4281926, 850);
INSERT INTO ENROLLMENTS VALUES(4281926, 322);
INSERT INTO ENROLLMENTS VALUES(4281926, 198);


INSERT INTO ENROLLMENTS VALUES(3251964, 198);
INSERT INTO ENROLLMENTS VALUES(3251964, 968);
INSERT INTO ENROLLMENTS VALUES(3251964, 291);


INSERT INTO ENROLLMENTS VALUES(2121938, 198);
INSERT INTO ENROLLMENTS VALUES(2121938, 633);
INSERT INTO ENROLLMENTS VALUES(2121938, 291);
INSERT INTO ENROLLMENTS VALUES(2121938, 297);

INSERT INTO ENROLLMENTS VALUES(1171964, 403);
INSERT INTO ENROLLMENTS VALUES(1171964, 968);
INSERT INTO ENROLLMENTS VALUES(1171964, 291);

INSERT INTO ENROLLMENTS VALUES(12221948, 403);
INSERT INTO ENROLLMENTS VALUES(12221948, 633);
INSERT INTO ENROLLMENTS VALUES(12221948, 291);
INSERT INTO ENROLLMENTS VALUES(12221948, 850);

INSERT INTO ENROLLMENTS VALUES(3211909, 850);